{
    "0": {
        "precision": 0.5925925925925926,
        "recall": 0.7773279352226721,
        "f1-score": 0.6725043782837128,
        "support": 247.0
    },
    "1": {
        "precision": 0.727810650887574,
        "recall": 0.7235294117647059,
        "f1-score": 0.7256637168141593,
        "support": 170.0
    },
    "2": {
        "precision": 0.7073170731707317,
        "recall": 0.4371859296482412,
        "f1-score": 0.5403726708074534,
        "support": 199.0
    },
    "accuracy": 0.6525974025974026,
    "macro avg": {
        "precision": 0.6759067722169659,
        "recall": 0.6460144255452064,
        "f1-score": 0.6461802553017751,
        "support": 616.0
    },
    "weighted avg": {
        "precision": 0.6669712314646647,
        "recall": 0.6525974025974026,
        "f1-score": 0.6444895694564405,
        "support": 616.0
    }
}