{
    "0": {
        "precision": 0.6236559139784946,
        "recall": 0.7044534412955465,
        "f1-score": 0.6615969581749049,
        "support": 247.0
    },
    "1": {
        "precision": 0.6683168316831684,
        "recall": 0.7941176470588235,
        "f1-score": 0.7258064516129032,
        "support": 170.0
    },
    "2": {
        "precision": 0.7037037037037037,
        "recall": 0.47738693467336685,
        "f1-score": 0.5688622754491018,
        "support": 199.0
    },
    "accuracy": 0.6558441558441559,
    "macro avg": {
        "precision": 0.6652254831217889,
        "recall": 0.658652674342579,
        "f1-score": 0.6520885617456367,
        "support": 616.0
    },
    "weighted avg": {
        "precision": 0.6618407616491296,
        "recall": 0.6558441558441559,
        "f1-score": 0.6493589906781921,
        "support": 616.0
    }
}