{
    "0": {
        "precision": 0.5677966101694916,
        "recall": 0.8137651821862348,
        "f1-score": 0.6688851913477537,
        "support": 247.0
    },
    "1": {
        "precision": 0.7039473684210527,
        "recall": 0.6294117647058823,
        "f1-score": 0.6645962732919255,
        "support": 170.0
    },
    "2": {
        "precision": 0.6636363636363637,
        "recall": 0.36683417085427134,
        "f1-score": 0.47249190938511326,
        "support": 199.0
    },
    "accuracy": 0.6185064935064936,
    "macro avg": {
        "precision": 0.6451267807423027,
        "recall": 0.6033370392487961,
        "f1-score": 0.6019911246749308,
        "support": 616.0
    },
    "weighted avg": {
        "precision": 0.6363319021218827,
        "recall": 0.6185064935064936,
        "f1-score": 0.6042563290424676,
        "support": 616.0
    }
}