{
    "0": {
        "precision": 0.5424657534246575,
        "recall": 0.8016194331983806,
        "f1-score": 0.6470588235294118,
        "support": 247.0
    },
    "1": {
        "precision": 0.7698412698412699,
        "recall": 0.5705882352941176,
        "f1-score": 0.6554054054054054,
        "support": 170.0
    },
    "2": {
        "precision": 0.64,
        "recall": 0.4020100502512563,
        "f1-score": 0.49382716049382713,
        "support": 199.0
    },
    "accuracy": 0.6087662337662337,
    "macro avg": {
        "precision": 0.6507690077553092,
        "recall": 0.5914059062479181,
        "f1-score": 0.5987637964762148,
        "support": 616.0
    },
    "weighted avg": {
        "precision": 0.6367241184560166,
        "recall": 0.6087662337662337,
        "f1-score": 0.5998604760859663,
        "support": 616.0
    }
}