{
    "0": {
        "precision": 0.7881559942224362,
        "recall": 0.6995726495726495,
        "f1-score": 0.7412270772017207,
        "support": 2340.0
    },
    "1": {
        "precision": 0.6141924959216966,
        "recall": 0.7433366238894373,
        "f1-score": 0.672621706118803,
        "support": 1013.0
    },
    "2": {
        "precision": 0.8689915174363808,
        "recall": 0.88996138996139,
        "f1-score": 0.8793514544587506,
        "support": 2072.0
    },
    "accuracy": 0.7804608294930876,
    "macro avg": {
        "precision": 0.7571133358601712,
        "recall": 0.7776235544744923,
        "f1-score": 0.7644000792597581,
        "support": 5425.0
    },
    "weighted avg": {
        "precision": 0.7865460735442139,
        "recall": 0.7804608294930876,
        "f1-score": 0.7811711267444986,
        "support": 5425.0
    }
}