{
    "0": {
        "precision": 0.5065462753950338,
        "recall": 0.6654804270462633,
        "f1-score": 0.575237118687516,
        "support": 1686.0
    },
    "1": {
        "precision": 0.4249726177437021,
        "recall": 0.49935649935649934,
        "f1-score": 0.4591715976331361,
        "support": 777.0
    },
    "2": {
        "precision": 0.8469505178365938,
        "recall": 0.47979139504563234,
        "f1-score": 0.6125676238035789,
        "support": 1534.0
    },
    "accuracy": 0.5619214410808107,
    "macro avg": {
        "precision": 0.5928231369917766,
        "recall": 0.5482094404827983,
        "f1-score": 0.5489921133747436,
        "support": 3997.0
    },
    "weighted avg": {
        "precision": 0.6213317084473902,
        "recall": 0.5619214410808107,
        "f1-score": 0.567001463193092,
        "support": 3997.0
    }
}