{
    "0": {
        "precision": 0.4873881204231082,
        "recall": 0.767948717948718,
        "f1-score": 0.5963165754106521,
        "support": 2340.0
    },
    "1": {
        "precision": 0.36972972972972973,
        "recall": 0.3376110562685094,
        "f1-score": 0.35294117647058826,
        "support": 1013.0
    },
    "2": {
        "precision": 0.8400984009840098,
        "recall": 0.3296332046332046,
        "f1-score": 0.4734835355285962,
        "support": 2072.0
    },
    "accuracy": 0.520184331797235,
    "macro avg": {
        "precision": 0.5657387503789493,
        "recall": 0.4783976596168107,
        "f1-score": 0.4742470958032789,
        "support": 5425.0
    },
    "weighted avg": {
        "precision": 0.6001305631050982,
        "recall": 0.520184331797235,
        "f1-score": 0.5039572504775821,
        "support": 5425.0
    }
}