{
    "0": {
        "precision": 0.4869007803790413,
        "recall": 0.7469003847798205,
        "f1-score": 0.5895056521005567,
        "support": 2339.0
    },
    "1": {
        "precision": 0.3123425692695214,
        "recall": 0.36722606120434353,
        "f1-score": 0.33756805807622503,
        "support": 1013.0
    },
    "2": {
        "precision": 0.8697674418604651,
        "recall": 0.27075289575289574,
        "f1-score": 0.41295546558704455,
        "support": 2072.0
    },
    "accuracy": 0.4941002949852507,
    "macro avg": {
        "precision": 0.5563369305030093,
        "recall": 0.4616264472456866,
        "f1-score": 0.44667639192127545,
        "support": 5424.0
    },
    "weighted avg": {
        "precision": 0.6005571695264539,
        "recall": 0.4941002949852507,
        "f1-score": 0.4750099350646708,
        "support": 5424.0
    }
}