{
    "0": {
        "precision": 0.5377407600208225,
        "recall": 0.44145299145299144,
        "f1-score": 0.4848627082844403,
        "support": 2340.0
    },
    "1": {
        "precision": 0.3633633633633634,
        "recall": 0.7166831194471865,
        "f1-score": 0.48223181667220194,
        "support": 1013.0
    },
    "2": {
        "precision": 0.8173970783532537,
        "recall": 0.5941119691119691,
        "f1-score": 0.6880939072107323,
        "support": 2072.0
    },
    "accuracy": 0.5511520737327189,
    "macro avg": {
        "precision": 0.5728337339124798,
        "recall": 0.5840826933373823,
        "f1-score": 0.5517294773891249,
        "support": 5425.0
    },
    "weighted avg": {
        "precision": 0.6119902694716596,
        "recall": 0.5511520737327189,
        "f1-score": 0.5619926531640863,
        "support": 5425.0
    }
}