{
    "0": {
        "precision": 0.5275029679461812,
        "recall": 0.5706335616438356,
        "f1-score": 0.548221262595106,
        "support": 2336.0
    },
    "1": {
        "precision": 0.3698164513936098,
        "recall": 0.5386138613861386,
        "f1-score": 0.4385328496573962,
        "support": 1010.0
    },
    "2": {
        "precision": 0.8123229461756374,
        "recall": 0.5557170542635659,
        "f1-score": 0.6599539700805523,
        "support": 2064.0
    },
    "accuracy": 0.5589648798521257,
    "macro avg": {
        "precision": 0.5698807885051428,
        "recall": 0.5549881590978467,
        "f1-score": 0.5489026941110181,
        "support": 5410.0
    },
    "weighted avg": {
        "precision": 0.6067275619105991,
        "recall": 0.5589648798521257,
        "f1-score": 0.570371172240739,
        "support": 5410.0
    }
}