{
    "0": {
        "precision": 0.834658187599364,
        "recall": 0.6730769230769231,
        "f1-score": 0.7452093683463449,
        "support": 2340.0
    },
    "1": {
        "precision": 0.6316981132075472,
        "recall": 0.8262586377097729,
        "f1-score": 0.7159965782720273,
        "support": 1013.0
    },
    "2": {
        "precision": 0.8481699051061907,
        "recall": 0.9058880308880309,
        "f1-score": 0.8760793465577597,
        "support": 2072.0
    },
    "accuracy": 0.7905990783410138,
    "macro avg": {
        "precision": 0.7715087353043674,
        "recall": 0.801741197224909,
        "f1-score": 0.7790950977253773,
        "support": 5425.0
    },
    "weighted avg": {
        "precision": 0.8019204407450293,
        "recall": 0.7905990783410138,
        "f1-score": 0.7897384077027998,
        "support": 5425.0
    }
}