{
    "0": {
        "precision": 0.8325605358062854,
        "recall": 0.6905982905982906,
        "f1-score": 0.7549637935061901,
        "support": 2340.0
    },
    "1": {
        "precision": 0.6305031446540881,
        "recall": 0.7917077986179665,
        "f1-score": 0.7019693654266959,
        "support": 1013.0
    },
    "2": {
        "precision": 0.8589511754068716,
        "recall": 0.916988416988417,
        "f1-score": 0.8870214752567693,
        "support": 2072.0
    },
    "accuracy": 0.7959447004608295,
    "macro avg": {
        "precision": 0.7740049519557483,
        "recall": 0.799764835401558,
        "f1-score": 0.7813182113965519,
        "support": 5425.0
    },
    "weighted avg": {
        "precision": 0.8049102626293709,
        "recall": 0.7959447004608295,
        "f1-score": 0.7955057586569132,
        "support": 5425.0
    }
}