{
    "0": {
        "precision": 0.5226480836236934,
        "recall": 0.6072874493927125,
        "f1-score": 0.5617977528089888,
        "support": 247.0
    },
    "1": {
        "precision": 0.8604651162790697,
        "recall": 0.43529411764705883,
        "f1-score": 0.578125,
        "support": 170.0
    },
    "2": {
        "precision": 0.5925925925925926,
        "recall": 0.7236180904522613,
        "f1-score": 0.6515837104072398,
        "support": 199.0
    },
    "accuracy": 0.5974025974025974,
    "macro avg": {
        "precision": 0.6585685974984519,
        "recall": 0.5887332191640109,
        "f1-score": 0.5971688210720761,
        "support": 616.0
    },
    "weighted avg": {
        "precision": 0.6384725200461364,
        "recall": 0.5974025974025974,
        "f1-score": 0.5953091774591899,
        "support": 616.0
    }
}