{
    "0": {
        "precision": 0.6387832699619772,
        "recall": 0.680161943319838,
        "f1-score": 0.6588235294117647,
        "support": 247.0
    },
    "1": {
        "precision": 0.6868131868131868,
        "recall": 0.7352941176470589,
        "f1-score": 0.7102272727272727,
        "support": 170.0
    },
    "2": {
        "precision": 0.672514619883041,
        "recall": 0.5778894472361809,
        "f1-score": 0.6216216216216216,
        "support": 199.0
    },
    "accuracy": 0.6623376623376623,
    "macro avg": {
        "precision": 0.6660370255527349,
        "recall": 0.6644485027343593,
        "f1-score": 0.6635574745868863,
        "support": 616.0
    },
    "weighted avg": {
        "precision": 0.6629352577850247,
        "recall": 0.6623376623376623,
        "f1-score": 0.6609914786218262,
        "support": 616.0
    }
}