{
    "0": {
        "precision": 0.47578947368421054,
        "recall": 0.9149797570850202,
        "f1-score": 0.6260387811634349,
        "support": 247.0
    },
    "1": {
        "precision": 0.6296296296296297,
        "recall": 0.3,
        "f1-score": 0.4063745019920319,
        "support": 170.0
    },
    "2": {
        "precision": 0.7166666666666667,
        "recall": 0.21608040201005024,
        "f1-score": 0.33204633204633205,
        "support": 199.0
    },
    "accuracy": 0.5194805194805194,
    "macro avg": {
        "precision": 0.6073619233268356,
        "recall": 0.47702005303169015,
        "f1-score": 0.45481987173393296,
        "support": 616.0
    },
    "weighted avg": {
        "precision": 0.5960612073112074,
        "recall": 0.5194805194805194,
        "f1-score": 0.47044231227797717,
        "support": 616.0
    }
}