{
    "0": {
        "precision": 0.5068493150684932,
        "recall": 0.8987854251012146,
        "f1-score": 0.6481751824817519,
        "support": 247.0
    },
    "1": {
        "precision": 0.7171717171717171,
        "recall": 0.4176470588235294,
        "f1-score": 0.5278810408921933,
        "support": 170.0
    },
    "2": {
        "precision": 0.7848101265822784,
        "recall": 0.31155778894472363,
        "f1-score": 0.4460431654676259,
        "support": 199.0
    },
    "accuracy": 0.5762987012987013,
    "macro avg": {
        "precision": 0.6696103862741629,
        "recall": 0.5426634242898226,
        "f1-score": 0.5406997962805237,
        "support": 616.0
    },
    "weighted avg": {
        "precision": 0.6546886167710765,
        "recall": 0.5762987012987013,
        "f1-score": 0.549677982066109,
        "support": 616.0
    }
}