{
    "0": {
        "precision": 0.5024390243902439,
        "recall": 0.8340080971659919,
        "f1-score": 0.6270928462709284,
        "support": 247.0
    },
    "1": {
        "precision": 0.7623762376237624,
        "recall": 0.45294117647058824,
        "f1-score": 0.5682656826568265,
        "support": 170.0
    },
    "2": {
        "precision": 0.6571428571428571,
        "recall": 0.34673366834170855,
        "f1-score": 0.45394736842105265,
        "support": 199.0
    },
    "accuracy": 0.5714285714285714,
    "macro avg": {
        "precision": 0.6406527063856212,
        "recall": 0.5445609806594296,
        "f1-score": 0.5497686324496026,
        "support": 616.0
    },
    "weighted avg": {
        "precision": 0.6241523181686014,
        "recall": 0.5714285714285714,
        "f1-score": 0.5549230931759241,
        "support": 616.0
    }
}