{
    "0": {
        "precision": 0.5378590078328982,
        "recall": 0.8512396694214877,
        "f1-score": 0.6592,
        "support": 242.0
    },
    "1": {
        "precision": 0.7565217391304347,
        "recall": 0.5209580838323353,
        "f1-score": 0.6170212765957447,
        "support": 167.0
    },
    "2": {
        "precision": 0.7545454545454545,
        "recall": 0.41708542713567837,
        "f1-score": 0.5372168284789643,
        "support": 199.0
    },
    "accuracy": 0.618421052631579,
    "macro avg": {
        "precision": 0.682975400502929,
        "recall": 0.5964277267965005,
        "f1-score": 0.6044793683582363,
        "support": 608.0
    },
    "weighted avg": {
        "precision": 0.6688413746461997,
        "recall": 0.618421052631579,
        "f1-score": 0.6076893125967159,
        "support": 608.0
    }
}