{
    "0": {
        "precision": 0.5884146341463414,
        "recall": 0.7813765182186235,
        "f1-score": 0.671304347826087,
        "support": 247.0
    },
    "1": {
        "precision": 0.6993865030674846,
        "recall": 0.6705882352941176,
        "f1-score": 0.6846846846846847,
        "support": 170.0
    },
    "2": {
        "precision": 0.688,
        "recall": 0.4321608040201005,
        "f1-score": 0.5308641975308642,
        "support": 199.0
    },
    "accuracy": 0.637987012987013,
    "macro avg": {
        "precision": 0.6586003790712753,
        "recall": 0.6280418525109472,
        "f1-score": 0.6289510766805453,
        "support": 616.0
    },
    "weighted avg": {
        "precision": 0.6512112340188615,
        "recall": 0.637987012987013,
        "f1-score": 0.6296275091202628,
        "support": 616.0
    }
}