{
    "0": {
        "precision": 0.631578947368421,
        "recall": 0.680161943319838,
        "f1-score": 0.6549707602339181,
        "support": 247.0
    },
    "1": {
        "precision": 0.6650485436893204,
        "recall": 0.8058823529411765,
        "f1-score": 0.7287234042553191,
        "support": 170.0
    },
    "2": {
        "precision": 0.7083333333333334,
        "recall": 0.5125628140703518,
        "f1-score": 0.5947521865889213,
        "support": 199.0
    },
    "accuracy": 0.6607142857142857,
    "macro avg": {
        "precision": 0.668320274797025,
        "recall": 0.6662023701104555,
        "f1-score": 0.6594821170260529,
        "support": 616.0
    },
    "weighted avg": {
        "precision": 0.6656113405203212,
        "recall": 0.6607142857142857,
        "f1-score": 0.6558708468058074,
        "support": 616.0
    }
}