{
    "0": {
        "precision": 0.5574229691876751,
        "recall": 0.805668016194332,
        "f1-score": 0.6589403973509934,
        "support": 247.0
    },
    "1": {
        "precision": 0.7202797202797203,
        "recall": 0.6058823529411764,
        "f1-score": 0.65814696485623,
        "support": 170.0
    },
    "2": {
        "precision": 0.6810344827586207,
        "recall": 0.3969849246231156,
        "f1-score": 0.5015873015873016,
        "support": 199.0
    },
    "accuracy": 0.6185064935064936,
    "macro avg": {
        "precision": 0.6529123907420052,
        "recall": 0.6028450979195413,
        "f1-score": 0.6062248879315083,
        "support": 616.0
    },
    "weighted avg": {
        "precision": 0.6423001427043404,
        "recall": 0.6185064935064936,
        "f1-score": 0.6078882064726095,
        "support": 616.0
    }
}