{
    "0": {
        "precision": 0.6060606060606061,
        "recall": 0.728744939271255,
        "f1-score": 0.6617647058823529,
        "support": 247.0
    },
    "1": {
        "precision": 0.6988636363636364,
        "recall": 0.7235294117647059,
        "f1-score": 0.7109826589595376,
        "support": 170.0
    },
    "2": {
        "precision": 0.6783216783216783,
        "recall": 0.48743718592964824,
        "f1-score": 0.5672514619883041,
        "support": 199.0
    },
    "accuracy": 0.6493506493506493,
    "macro avg": {
        "precision": 0.6610819735819736,
        "recall": 0.6465705123218697,
        "f1-score": 0.6466662756100648,
        "support": 616.0
    },
    "weighted avg": {
        "precision": 0.6550159121181848,
        "recall": 0.6493506493506493,
        "f1-score": 0.644814894986583,
        "support": 616.0
    }
}