{
    "0": {
        "precision": 0.5053763440860215,
        "recall": 0.5708502024291497,
        "f1-score": 0.5361216730038023,
        "support": 247.0
    },
    "1": {
        "precision": 0.8333333333333334,
        "recall": 0.4411764705882353,
        "f1-score": 0.5769230769230769,
        "support": 170.0
    },
    "2": {
        "precision": 0.5789473684210527,
        "recall": 0.7185929648241206,
        "f1-score": 0.6412556053811659,
        "support": 199.0
    },
    "accuracy": 0.5827922077922078,
    "macro avg": {
        "precision": 0.6392190152801359,
        "recall": 0.5768732126138353,
        "f1-score": 0.5847667851026817,
        "support": 616.0
    },
    "weighted avg": {
        "precision": 0.6196512174865316,
        "recall": 0.5827922077922078,
        "f1-score": 0.581345522369666,
        "support": 616.0
    }
}