{
    "0": {
        "precision": 0.5338078291814946,
        "recall": 0.6072874493927125,
        "f1-score": 0.5681818181818182,
        "support": 247.0
    },
    "1": {
        "precision": 0.8591549295774648,
        "recall": 0.3588235294117647,
        "f1-score": 0.5062240663900415,
        "support": 170.0
    },
    "2": {
        "precision": 0.6174242424242424,
        "recall": 0.8190954773869347,
        "f1-score": 0.7041036717062635,
        "support": 199.0
    },
    "accuracy": 0.6071428571428571,
    "macro avg": {
        "precision": 0.6701290003944006,
        "recall": 0.5950688187304706,
        "f1-score": 0.5928365187593744,
        "support": 616.0
    },
    "weighted avg": {
        "precision": 0.6506076235039325,
        "recall": 0.6071428571428571,
        "f1-score": 0.5949929075434457,
        "support": 616.0
    }
}